{
  "model_type": "baseline",
  "total_parameters": 1530156,
  "trainable_parameters": 1530156,
  "model_size_mb": 5.96763801574707,
  "training_time_seconds": 1150.4628582000732,
  "training_time_minutes": 19.17438097000122,
  "final_weights_path": "distillation_runs/efficientnet_b0_mobilenetv3_small_100/baseline/baseline_weights.pth",
  "accelerated_with": {
    "data_parallel": true,
    "mixed_precision": true,
    "num_gpus": 2
  },
  "metrics": {
    "accuracy": 0.915129151291513,
    "precision": 0.9147962920344327,
    "recall": 0.9142123521242226,
    "f1_score": 0.9126516400992899,
    "classification_report": "                                 precision    recall  f1-score   support\n\n               cho-noi-cai-rang     0.9100    0.9681    0.9381        94\n                           chua     0.9912    0.9573    0.9739       117\n          dieu-mua-truyen-thong     0.9398    0.9176    0.9286        85\n                  don-ca-tai-tu     0.8021    0.8953    0.8462        86\n                 dua-bo-bay-nui     0.9759    0.9643    0.9701        84\n              le-hoi-nghinh-ong     0.9375    0.8451    0.8889        71\n                   nghe-dan-tre     0.9167    0.8191    0.8652        94\n                 nghe-det-chieu     0.8532    0.9208    0.8857       101\nnghe-thuat-san-khau-du-ke-khmer     0.9684    1.0000    0.9840        92\n                      ok-om-bok     0.8961    0.7753    0.8313        89\n    phong-tuc-cuoi-truyen-thong     0.9596    0.9223    0.9406       103\n         via-ba-chua-xu-nui-sam     0.8272    0.9853    0.8993        68\n\n                       accuracy                         0.9151      1084\n                      macro avg     0.9148    0.9142    0.9127      1084\n                   weighted avg     0.9181    0.9151    0.9149      1084\n"
  },
  "config": {
    "lr": 0.00014177470780980404,
    "weight_decay": 8.179499475211674e-06,
    "optimizer": "AdamW",
    "momentum": 0.9
  }
}